"商品コード","出荷実績確定日","出荷数","受注番号","出荷区分","出荷ID","届け先名"
"MXC-RN","2024/10/24","14","9000013809","工場","59940(559)","株式会社積水化成品東部 佐倉事業所様"
"MXC-BL","2024/10/24","14","9000013810","工場","59940(559)","赤城産業株式会社様"
"PRE-MNC-BL","2024/10/24","3","9000013811","工場","59940(559)","カネカフォームプラスチック真岡工場様"
"PRE-MNC-CG","2024/10/24","4","9000013811","工場","59940(559)","カネカフォームプラスチック真岡工場様"
"PRE-SPC-FN","2024/10/24","5","9000013811","工場","59940(559)","カネカフォームプラスチック真岡工場様"
"PRE-SPC-LV","2024/10/24","3","9000013811","工場","59940(559)","カネカフォームプラスチック真岡工場様"
"PRE-SPC-RN","2024/10/24","5","9000013811","工場","59940(559)","カネカフォームプラスチック真岡工場様"
"LNC-MX","2024/10/24","20","9000013813","工場","59940(559)","山直スチロール株式会社様"
"LNC-MX","2024/10/24","40","9000013814","工場","59940(559)","株式会社大西コルク工業所様"
"LNC-SP","2024/10/24","40","9000013815","工場","59940(559)","株式会社積水化成品北海道様"
"LNC-MX","2024/10/24","100","9000013816","工場","59940(559)","ダイリュウ大和高田株式会社様 (インナー)"
"LNC-MN","2024/10/24","64","9000013817","工場","59940(559)","小島工業株式会社様"
"LNC-MX","2024/10/24","180","9000013817","工場","59940(559)","小島工業株式会社様"
"LNC-RL","2024/10/24","30","9000013817","工場","59940(559)","小島工業株式会社様"
"LNC-LG","2024/10/24","25","9000013818","工場","59940(559)","株式会社積水化成品東部 本社工場様"
"LNC-MX","2024/10/24","20","9000013818","工場","59940(559)","株式会社積水化成品東部 本社工場様"
"LNC-MX","2024/10/24","20","9000013819","工場","59940(559)","株式会社積水化成品西部 豊前工場様"
"LNC-MX","2024/10/24","40","9000013820","工場","59940(559)","株式会社メナック様"
"LNC-MN","2024/10/24","32","9000013821","工場","59940(559)","カネカフォームプラスチック真岡工場様"
"LNC-SP","2024/10/24","40","9000013821","工場","59940(559)","カネカフォームプラスチック真岡工場様"
"DBC-GR","2024/10/24","1","9000013823(1)","工場","59940(559)","山直スチロール株式会社様"
"DPC-RN","2024/10/24","4","9000013823(1)","工場","59940(559)","山直スチロール株式会社様"
"DS-SPC-MK","2024/10/24","2","9000013823(1)","工場","59940(559)","山直スチロール株式会社様"
"LGC-DP","2024/10/24","3","9000013823(1)","工場","59940(559)","山直スチロール株式会社様"
"LGC-FN","2024/10/24","3","9000013823(1)","工場","59940(559)","山直スチロール株式会社様"
"MNC-BL","2024/10/24","3","9000013823(1)","工場","59940(559)","山直スチロール株式会社様"
"MNC-DG","2024/10/24","3","9000013823(1)","工場","59940(559)","山直スチロール株式会社様"
"MNC-LG","2024/10/24","3","9000013823(1)","工場","59940(559)","山直スチロール株式会社様"
"MNC-RN","2024/10/24","2","9000013823(1)","工場","59940(559)","山直スチロール株式会社様"
"MNC-YL","2024/10/24","2","9000013823(1)","工場","59940(559)","山直スチロール株式会社様"
"MXC-BL","2024/10/24","2","9000013823(1)","工場","59940(559)","山直スチロール株式会社様"
"MXC-CB","2024/10/24","3","9000013823(1)","工場","59940(559)","山直スチロール株式会社様"
"MXC-DG","2024/10/24","5","9000013823(1)","工場","59940(559)","山直スチロール株式会社様"
"MXC-FM","2024/10/24","5","9000013823(1)","工場","59940(559)","山直スチロール株式会社様"
"MXC-GR","2024/10/24","2","9000013823(1)","工場","59940(559)","山直スチロール株式会社様"
"MXC-RN","2024/10/24","7","9000013823(1)","工場","59940(559)","山直スチロール株式会社様"
"PDC-BK","2024/10/24","5","9000013823(1)","工場","59940(559)","山直スチロール株式会社様"
"PDC-CG","2024/10/24","2","9000013823(1)","工場","59940(559)","山直スチロール株式会社様"
"PDC-OG","2024/10/24","2","9000013823(1)","工場","59940(559)","山直スチロール株式会社様"
"PDC-PK","2024/10/24","2","9000013823(1)","工場","59940(559)","山直スチロール株式会社様"
"PDC-YC","2024/10/24","2","9000013823(1)","工場","59940(559)","山直スチロール株式会社様"
"PMC-BK","2024/10/24","1","9000013823(1)","工場","59940(559)","山直スチロール株式会社様"
"PMC-CR","2024/10/24","1","9000013823(1)","工場","59940(559)","山直スチロール株式会社様"
"PMC-PK","2024/10/24","2","9000013823(1)","工場","59940(559)","山直スチロール株式会社様"
"RLGC-NT","2024/10/24","1","9000013823(1)","工場","59940(559)","山直スチロール株式会社様"
"RRLC-NT","2024/10/24","1","9000013823(1)","工場","59940(559)","山直スチロール株式会社様"
"SHC-FN","2024/10/24","2","9000013823(1)","工場","59940(559)","山直スチロール株式会社様"
"SHC-GR","2024/10/24","1","9000013823(1)","工場","59940(559)","山直スチロール株式会社様"
"SPC-CM","2024/10/24","1","9000013823(1)","工場","59940(559)","山直スチロール株式会社様"
"SPC-OG","2024/10/24","3","9000013823(1)","工場","59940(559)","山直スチロール株式会社様"
"SPC-RD","2024/10/24","1","9000013823(1)","工場","59940(559)","山直スチロール株式会社様"
"TS-HGC-WD","2024/10/24","1","9000013823(1)","工場","59940(559)","山直スチロール株式会社様"
"ZDC-RY","2024/10/24","1","9000013823(1)","工場","59940(559)","山直スチロール株式会社様"
"ZNC-GR","2024/10/24","2","9000013823(1)","工場","59940(559)","山直スチロール株式会社様"
"ZXC-ST","2024/10/24","9","9000013823(1)","工場","59940(559)","山直スチロール株式会社様"
"LGC-BG","2024/10/24","2","9000013824(1)","工場","59940(559)","株式会社大西コルク工業所様"
"LGC-BK","2024/10/24","2","9000013824(1)","工場","59940(559)","株式会社大西コルク工業所様"
"LGC-BL","2024/10/24","4","9000013824(1)","工場","59940(559)","株式会社大西コルク工業所様"
"LGC-GR","2024/10/24","3","9000013824(1)","工場","59940(559)","株式会社大西コルク工業所様"
"MNC-DG","2024/10/24","4","9000013824(1)","工場","59940(559)","株式会社大西コルク工業所様"
"MNC-LG","2024/10/24","3","9000013824(1)","工場","59940(559)","株式会社大西コルク工業所様"
"MNC-YL","2024/10/24","3","9000013824(1)","工場","59940(559)","株式会社大西コルク工業所様"
"MXC-BL","2024/10/24","5","9000013824(1)","工場","59940(559)","株式会社大西コルク工業所様"
"MXC-DG","2024/10/24","4","9000013824(1)","工場","59940(559)","株式会社大西コルク工業所様"
"MXC-GR","2024/10/24","4","9000013824(1)","工場","59940(559)","株式会社大西コルク工業所様"
"MXC-LG","2024/10/24","4","9000013824(1)","工場","59940(559)","株式会社大西コルク工業所様"
"MXC-RD","2024/10/24","5","9000013824(1)","工場","59940(559)","株式会社大西コルク工業所様"
"PDC-CB","2024/10/24","3","9000013824(1)","工場","59940(559)","株式会社大西コルク工業所様"
"PDC-RD","2024/10/24","1","9000013824(1)","工場","59940(559)","株式会社大西コルク工業所様"
"PDC-TQ","2024/10/24","2","9000013824(1)","工場","59940(559)","株式会社大西コルク工業所様"
"PMC-GR","2024/10/24","1","9000013824(1)","工場","59940(559)","株式会社大西コルク工業所様"
"PMC-YL","2024/10/24","1","9000013824(1)","工場","59940(559)","株式会社大西コルク工業所様"
"RLC-BK","2024/10/24","1","9000013824(1)","工場","59940(559)","株式会社大西コルク工業所様"
"RLC-DG","2024/10/24","1","9000013824(1)","工場","59940(559)","株式会社大西コルク工業所様"
"SHC-BK","2024/10/24","1","9000013824(1)","工場","59940(559)","株式会社大西コルク工業所様"
"SHC-DG","2024/10/24","2","9000013824(1)","工場","59940(559)","株式会社大西コルク工業所様"
"SPC-BG","2024/10/24","1","9000013824(1)","工場","59940(559)","株式会社大西コルク工業所様"
"SPC-BL","2024/10/24","1","9000013824(1)","工場","59940(559)","株式会社大西コルク工業所様"
"SPC-OG","2024/10/24","1","9000013824(1)","工場","59940(559)","株式会社大西コルク工業所様"
"ZNC-CT","2024/10/24","1","9000013824(1)","工場","59940(559)","株式会社大西コルク工業所様"
"ZPMC-CT","2024/10/24","1","9000013824(1)","工場","59940(559)","株式会社大西コルク工業所様"
"DPC-RN","2024/10/24","1","9000013825(1)","工場","59940(559)","株式会社積水化成品東部 佐倉事業所様"
"LUX-LGC-WT","2024/10/24","2","9000013825(1)","工場","59940(559)","株式会社積水化成品東部 佐倉事業所様"
"LUX-OMC-WT","2024/10/24","1","9000013825(1)","工場","59940(559)","株式会社積水化成品東部 佐倉事業所様"
"LUX-SHC-WT","2024/10/24","3","9000013825(1)","工場","59940(559)","株式会社積水化成品東部 佐倉事業所様"
"MNC-BL","2024/10/24","2","9000013825(1)","工場","59940(559)","株式会社積水化成品東部 佐倉事業所様"
"MNC-CR","2024/10/24","3","9000013825(1)","工場","59940(559)","株式会社積水化成品東部 佐倉事業所様"
"MNC-DG","2024/10/24","4","9000013825(1)","工場","59940(559)","株式会社積水化成品東部 佐倉事業所様"
"MNC-FM","2024/10/24","5","9000013825(1)","工場","59940(559)","株式会社積水化成品東部 佐倉事業所様"
"MNC-LG","2024/10/24","5","9000013825(1)","工場","59940(559)","株式会社積水化成品東部 佐倉事業所様"
"MNC-LV","2024/10/24","2","9000013825(1)","工場","59940(559)","株式会社積水化成品東部 佐倉事業所様"
"MNC-RN","2024/10/24","3","9000013825(1)","工場","59940(559)","株式会社積水化成品東部 佐倉事業所様"
"MXC-CB","2024/10/24","3","9000013825(1)","工場","59940(559)","株式会社積水化成品東部 佐倉事業所様"
"MXC-CM","2024/10/24","3","9000013825(1)","工場","59940(559)","株式会社積水化成品東部 佐倉事業所様"
"MXC-MN","2024/10/24","3","9000013825(1)","工場","59940(559)","株式会社積水化成品東部 佐倉事業所様"
"MXC-RN","2024/10/24","4","9000013825(1)","工場","59940(559)","株式会社積水化成品東部 佐倉事業所様"
"OMC-PK","2024/10/24","1","9000013825(1)","工場","59940(559)","株式会社積水化成品東部 佐倉事業所様"
"PDC-BG","2024/10/24","1","9000013825(1)","工場","59940(559)","株式会社積水化成品東部 佐倉事業所様"
"PDC-CG","2024/10/24","1","9000013825(1)","工場","59940(559)","株式会社積水化成品東部 佐倉事業所様"
"PMC-BK","2024/10/24","1","9000013825(1)","工場","59940(559)","株式会社積水化成品東部 佐倉事業所様"
"PMC-FM","2024/10/24","2","9000013825(1)","工場","59940(559)","株式会社積水化成品東部 佐倉事業所様"
"PMC-LV","2024/10/24","1","9000013825(1)","工場","59940(559)","株式会社積水化成品東部 佐倉事業所様"
"PMC-MN","2024/10/24","1","9000013825(1)","工場","59940(559)","株式会社積水化成品東部 佐倉事業所様"
"PMC-OG","2024/10/24","1","9000013825(1)","工場","59940(559)","株式会社積水化成品東部 佐倉事業所様"
"PMC-TQ","2024/10/24","1","9000013825(1)","工場","59940(559)","株式会社積水化成品東部 佐倉事業所様"
"RLC-BK","2024/10/24","1","9000013825(1)","工場","59940(559)","株式会社積水化成品東部 佐倉事業所様"
"RLC-MN","2024/10/24","2","9000013825(1)","工場","59940(559)","株式会社積水化成品東部 佐倉事業所様"
"RLGC-NT","2024/10/24","1","9000013825(1)","工場","59940(559)","株式会社積水化成品東部 佐倉事業所様"
"RRLC-BR","2024/10/24","3","9000013825(1)","工場","59940(559)","株式会社積水化成品東部 佐倉事業所様"
"RRLC-NT","2024/10/24","3","9000013825(1)","工場","59940(559)","株式会社積水化成品東部 佐倉事業所様"
"RRLC-PT","2024/10/24","2","9000013825(1)","工場","59940(559)","株式会社積水化成品東部 佐倉事業所様"
"RSC-BR","2024/10/24","2","9000013825(1)","工場","59940(559)","株式会社積水化成品東部 佐倉事業所様"
"RSHC-PT","2024/10/24","3","9000013825(1)","工場","59940(559)","株式会社積水化成品東部 佐倉事業所様"
"RXC-NT","2024/10/24","1","9000013825(1)","工場","59940(559)","株式会社積水化成品東部 佐倉事業所様"
"SHC-DP","2024/10/24","1","9000013825(1)","工場","59940(559)","株式会社積水化成品東部 佐倉事業所様"
"SHC-FN","2024/10/24","3","9000013825(1)","工場","59940(559)","株式会社積水化成品東部 佐倉事業所様"
"SPC-CG","2024/10/24","1","9000013825(1)","工場","59940(559)","株式会社積水化成品東部 佐倉事業所様"
"SPC-CM","2024/10/24","2","9000013825(1)","工場","59940(559)","株式会社積水化成品東部 佐倉事業所様"
"SPC-FN","2024/10/24","1","9000013825(1)","工場","59940(559)","株式会社積水化成品東部 佐倉事業所様"
"SPC-LG","2024/10/24","3","9000013825(1)","工場","59940(559)","株式会社積水化成品東部 佐倉事業所様"
"TS-HGC-BZ","2024/10/24","4","9000013825(1)","工場","59940(559)","株式会社積水化成品東部 佐倉事業所様"
"ZLGC-ST","2024/10/24","4","9000013825(1)","工場","59940(559)","株式会社積水化成品東部 佐倉事業所様"
"ZSC-ST","2024/10/24","2","9000013825(1)","工場","59940(559)","株式会社積水化成品東部 佐倉事業所様"
"ZSHC-ST","2024/10/24","2","9000013825(1)","工場","59940(559)","株式会社積水化成品東部 佐倉事業所様"
"ZXC-PE","2024/10/24","2","9000013825(1)","工場","59940(559)","株式会社積水化成品東部 佐倉事業所様"
"MNC-LG","2024/10/24","5","9000013826(1)","工場","59940(559)","株式会社積水化成品北海道様"
"MNC-PK","2024/10/24","1","9000013826(1)","工場","59940(559)","株式会社積水化成品北海道様"
"MXC-BG","2024/10/24","2","9000013826(1)","工場","59940(559)","株式会社積水化成品北海道様"
"MXC-GR","2024/10/24","4","9000013826(1)","工場","59940(559)","株式会社積水化成品北海道様"
"MXC-MN","2024/10/24","5","9000013826(1)","工場","59940(559)","株式会社積水化成品北海道様"
"MXC-RN","2024/10/24","1","9000013826(1)","工場","59940(559)","株式会社積水化成品北海道様"
"RLC-BK","2024/10/24","1","9000013826(1)","工場","59940(559)","株式会社積水化成品北海道様"
"SPC-BL","2024/10/24","1","9000013826(1)","工場","59940(559)","株式会社積水化成品北海道様"
"SPC-FN","2024/10/24","1","9000013826(1)","工場","59940(559)","株式会社積水化成品北海道様"
"TS-HGC-BZ","2024/10/24","1","9000013826(1)","工場","59940(559)","株式会社積水化成品北海道様"
"ZPDC-PB","2024/10/24","2","9000013826(1)","工場","59940(559)","株式会社積水化成品北海道様"
"ZPMC-SK","2024/10/24","2","9000013826(1)","工場","59940(559)","株式会社積水化成品北海道様"
"LGC-BL","2024/10/24","1","9000013827(1)","工場","59940(559)","大西化成株式会社 宮田工場様"
"LGC-TQ","2024/10/24","1","9000013827(1)","工場","59940(559)","大西化成株式会社 宮田工場様"
"MNC-BL","2024/10/24","7","9000013827(1)","工場","59940(559)","大西化成株式会社 宮田工場様"
"MNC-LG","2024/10/24","1","9000013827(1)","工場","59940(559)","大西化成株式会社 宮田工場様"
"MNC-OG","2024/10/24","1","9000013827(1)","工場","59940(559)","大西化成株式会社 宮田工場様"
"MNC-TQ","2024/10/24","3","9000013827(1)","工場","59940(559)","大西化成株式会社 宮田工場様"
"MXC-CB","2024/10/24","2","9000013827(1)","工場","59940(559)","大西化成株式会社 宮田工場様"
"PDC-PK","2024/10/24","1","9000013827(1)","工場","59940(559)","大西化成株式会社 宮田工場様"
"PDC-YC","2024/10/24","1","9000013827(1)","工場","59940(559)","大西化成株式会社 宮田工場様"
"PMC-RD","2024/10/24","2","9000013827(1)","工場","59940(559)","大西化成株式会社 宮田工場様"
"PMC-YC","2024/10/24","1","9000013827(1)","工場","59940(559)","大西化成株式会社 宮田工場様"
"RLC-BL","2024/10/24","1","9000013827(1)","工場","59940(559)","大西化成株式会社 宮田工場様"
"RLC-DG","2024/10/24","2","9000013827(1)","工場","59940(559)","大西化成株式会社 宮田工場様"
"SHC-BL","2024/10/24","1","9000013827(1)","工場","59940(559)","大西化成株式会社 宮田工場様"
"SHC-GR","2024/10/24","1","9000013827(1)","工場","59940(559)","大西化成株式会社 宮田工場様"
"SPC-CB","2024/10/24","2","9000013827(1)","工場","59940(559)","大西化成株式会社 宮田工場様"
"SPC-DG","2024/10/24","1","9000013827(1)","工場","59940(559)","大西化成株式会社 宮田工場様"
"SPC-LG","2024/10/24","2","9000013827(1)","工場","59940(559)","大西化成株式会社 宮田工場様"
"SPC-OG","2024/10/24","1","9000013827(1)","工場","59940(559)","大西化成株式会社 宮田工場様"
"ZPDC-PB","2024/10/24","1","9000013827(1)","工場","59940(559)","大西化成株式会社 宮田工場様"
"BBC-DPGR","2024/10/24","1","9000013828(1)","工場","59940(559)","ダイリュウ大和高田株式会社様 (アウター)"
"CPC-BR","2024/10/24","1","9000013828(1)","工場","59940(559)","ダイリュウ大和高田株式会社様 (アウター)"
"DPC-BL","2024/10/24","1","9000013828(1)","工場","59940(559)","ダイリュウ大和高田株式会社様 (アウター)"
"DPC-RN","2024/10/24","5","9000013828(1)","工場","59940(559)","ダイリュウ大和高田株式会社様 (アウター)"
"DPC-YL","2024/10/24","2","9000013828(1)","工場","59940(559)","ダイリュウ大和高田株式会社様 (アウター)"
"DS-BBC-MK","2024/10/24","2","9000013828(1)","工場","59940(559)","ダイリュウ大和高田株式会社様 (アウター)"
"LGC-BG","2024/10/24","2","9000013828(1)","工場","59940(559)","ダイリュウ大和高田株式会社様 (アウター)"
"LGC-BL","2024/10/24","1","9000013828(1)","工場","59940(559)","ダイリュウ大和高田株式会社様 (アウター)"
"LGC-FN","2024/10/24","1","9000013828(1)","工場","59940(559)","ダイリュウ大和高田株式会社様 (アウター)"
"LGC-MN","2024/10/24","1","9000013828(1)","工場","59940(559)","ダイリュウ大和高田株式会社様 (アウター)"
"LUX-MXC-DG","2024/10/24","1","9000013828(1)","工場","59940(559)","ダイリュウ大和高田株式会社様 (アウター)"
"LUX-MXC-WT","2024/10/24","1","9000013828(1)","工場","59940(559)","ダイリュウ大和高田株式会社様 (アウター)"
"LUX-RLC-DG","2024/10/24","1","9000013828(1)","工場","59940(559)","ダイリュウ大和高田株式会社様 (アウター)"
"MNC-BK","2024/10/24","2","9000013828(1)","工場","59940(559)","ダイリュウ大和高田株式会社様 (アウター)"
"MNC-BP","2024/10/24","1","9000013828(1)","工場","59940(559)","ダイリュウ大和高田株式会社様 (アウター)"
"MNC-CG","2024/10/24","2","9000013828(1)","工場","59940(559)","ダイリュウ大和高田株式会社様 (アウター)"
"MNC-CR","2024/10/24","1","9000013828(1)","工場","59940(559)","ダイリュウ大和高田株式会社様 (アウター)"
"MNC-DG","2024/10/24","1","9000013828(1)","工場","59940(559)","ダイリュウ大和高田株式会社様 (アウター)"
"MNC-FM","2024/10/24","2","9000013828(1)","工場","59940(559)","ダイリュウ大和高田株式会社様 (アウター)"
"MNC-FN","2024/10/24","2","9000013828(1)","工場","59940(559)","ダイリュウ大和高田株式会社様 (アウター)"
"MNC-GR","2024/10/24","2","9000013828(1)","工場","59940(559)","ダイリュウ大和高田株式会社様 (アウター)"
"MNC-LG","2024/10/24","3","9000013828(1)","工場","59940(559)","ダイリュウ大和高田株式会社様 (アウター)"
"MNC-OG","2024/10/24","3","9000013828(1)","工場","59940(559)","ダイリュウ大和高田株式会社様 (アウター)"
"MXC-BG","2024/10/24","2","9000013828(1)","工場","59940(559)","ダイリュウ大和高田株式会社様 (アウター)"
"MXC-BP","2024/10/24","2","9000013828(1)","工場","59940(559)","ダイリュウ大和高田株式会社様 (アウター)"
"MXC-CM","2024/10/24","2","9000013828(1)","工場","59940(559)","ダイリュウ大和高田株式会社様 (アウター)"
"MXC-DG","2024/10/24","10","9000013828(1)","工場","59940(559)","ダイリュウ大和高田株式会社様 (アウター)"
"MXC-GR","2024/10/24","5","9000013828(1)","工場","59940(559)","ダイリュウ大和高田株式会社様 (アウター)"
"MXC-LG","2024/10/24","8","9000013828(1)","工場","59940(559)","ダイリュウ大和高田株式会社様 (アウター)"
"MXC-RD","2024/10/24","1","9000013828(1)","工場","59940(559)","ダイリュウ大和高田株式会社様 (アウター)"
"MXC-RN","2024/10/24","3","9000013828(1)","工場","59940(559)","ダイリュウ大和高田株式会社様 (アウター)"
"PDC-CB","2024/10/24","2","9000013828(1)","工場","59940(559)","ダイリュウ大和高田株式会社様 (アウター)"
"PDC-DP","2024/10/24","1","9000013828(1)","工場","59940(559)","ダイリュウ大和高田株式会社様 (アウター)"
"PDC-OG","2024/10/24","1","9000013828(1)","工場","59940(559)","ダイリュウ大和高田株式会社様 (アウター)"
"PDC-YL","2024/10/24","2","9000013828(1)","工場","59940(559)","ダイリュウ大和高田株式会社様 (アウター)"
"PMC-BG","2024/10/24","1","9000013828(1)","工場","59940(559)","ダイリュウ大和高田株式会社様 (アウター)"
"PMC-BK","2024/10/24","2","9000013828(1)","工場","59940(559)","ダイリュウ大和高田株式会社様 (アウター)"
"PMC-CB","2024/10/24","1","9000013828(1)","工場","59940(559)","ダイリュウ大和高田株式会社様 (アウター)"
"PMC-FM","2024/10/24","1","9000013828(1)","工場","59940(559)","ダイリュウ大和高田株式会社様 (アウター)"
"RLC-BL","2024/10/24","2","9000013828(1)","工場","59940(559)","ダイリュウ大和高田株式会社様 (アウター)"
"RLC-CR","2024/10/24","2","9000013828(1)","工場","59940(559)","ダイリュウ大和高田株式会社様 (アウター)"
"RLC-DG","2024/10/24","1","9000013828(1)","工場","59940(559)","ダイリュウ大和高田株式会社様 (アウター)"
"RRLC-SS","2024/10/24","1","9000013828(1)","工場","59940(559)","ダイリュウ大和高田株式会社様 (アウター)"
"RSC-PT","2024/10/24","2","9000013828(1)","工場","59940(559)","ダイリュウ大和高田株式会社様 (アウター)"
"SHC-BL","2024/10/24","1","9000013828(1)","工場","59940(559)","ダイリュウ大和高田株式会社様 (アウター)"
"SHC-CM","2024/10/24","1","9000013828(1)","工場","59940(559)","ダイリュウ大和高田株式会社様 (アウター)"
"SHC-MN","2024/10/24","1","9000013828(1)","工場","59940(559)","ダイリュウ大和高田株式会社様 (アウター)"
"SHC-RN","2024/10/24","1","9000013828(1)","工場","59940(559)","ダイリュウ大和高田株式会社様 (アウター)"
"SPC-BG","2024/10/24","2","9000013828(1)","工場","59940(559)","ダイリュウ大和高田株式会社様 (アウター)"
"SPC-BL","2024/10/24","2","9000013828(1)","工場","59940(559)","ダイリュウ大和高田株式会社様 (アウター)"
"SPC-CB","2024/10/24","2","9000013828(1)","工場","59940(559)","ダイリュウ大和高田株式会社様 (アウター)"
"SPC-CM","2024/10/24","5","9000013828(1)","工場","59940(559)","ダイリュウ大和高田株式会社様 (アウター)"
"SPC-DP","2024/10/24","1","9000013828(1)","工場","59940(559)","ダイリュウ大和高田株式会社様 (アウター)"
"SPC-FN","2024/10/24","1","9000013828(1)","工場","59940(559)","ダイリュウ大和高田株式会社様 (アウター)"
"SPC-OG","2024/10/24","1","9000013828(1)","工場","59940(559)","ダイリュウ大和高田株式会社様 (アウター)"
"SPC-RD","2024/10/24","1","9000013828(1)","工場","59940(559)","ダイリュウ大和高田株式会社様 (アウター)"
"SPC-YC","2024/10/24","4","9000013828(1)","工場","59940(559)","ダイリュウ大和高田株式会社様 (アウター)"
"SPC-YL","2024/10/24","1","9000013828(1)","工場","59940(559)","ダイリュウ大和高田株式会社様 (アウター)"
"ZLGC-RY","2024/10/24","1","9000013828(1)","工場","59940(559)","ダイリュウ大和高田株式会社様 (アウター)"
"DPC-CM","2024/10/24","1","9000013829(1)","工場","59940(559)","小島工業株式会社様"
"DPC-DG","2024/10/24","2","9000013829(1)","工場","59940(559)","小島工業株式会社様"
"LGC-BK","2024/10/24","1","9000013829(1)","工場","59940(559)","小島工業株式会社様"
"LGC-RD","2024/10/24","1","9000013829(1)","工場","59940(559)","小島工業株式会社様"
"LGC-YL","2024/10/24","1","9000013829(1)","工場","59940(559)","小島工業株式会社様"
"MNC-CB","2024/10/24","2","9000013829(1)","工場","59940(559)","小島工業株式会社様"
"MNC-LG","2024/10/24","5","9000013829(1)","工場","59940(559)","小島工業株式会社様"
"MXC-BL","2024/10/24","5","9000013829(1)","工場","59940(559)","小島工業株式会社様"
"MXC-BP","2024/10/24","1","9000013829(1)","工場","59940(559)","小島工業株式会社様"
"MXC-CB","2024/10/24","5","9000013829(1)","工場","59940(559)","小島工業株式会社様"
"MXC-DG","2024/10/24","13","9000013829(1)","工場","59940(559)","小島工業株式会社様"
"MXC-GR","2024/10/24","12","9000013829(1)","工場","59940(559)","小島工業株式会社様"
"MXC-LG","2024/10/24","4","9000013829(1)","工場","59940(559)","小島工業株式会社様"
"MXC-RD","2024/10/24","1","9000013829(1)","工場","59940(559)","小島工業株式会社様"
"PDC-BG","2024/10/24","1","9000013829(1)","工場","59940(559)","小島工業株式会社様"
"PDC-OG","2024/10/24","1","9000013829(1)","工場","59940(559)","小島工業株式会社様"
"PDC-TQ","2024/10/24","3","9000013829(1)","工場","59940(559)","小島工業株式会社様"
"PDC-YL","2024/10/24","1","9000013829(1)","工場","59940(559)","小島工業株式会社様"
"PMC-CB","2024/10/24","2","9000013829(1)","工場","59940(559)","小島工業株式会社様"
"PMC-CM","2024/10/24","1","9000013829(1)","工場","59940(559)","小島工業株式会社様"
"PMC-TQ","2024/10/24","3","9000013829(1)","工場","59940(559)","小島工業株式会社様"
"RLC-BL","2024/10/24","2","9000013829(1)","工場","59940(559)","小島工業株式会社様"
"RLC-TQ","2024/10/24","2","9000013829(1)","工場","59940(559)","小島工業株式会社様"
"SHC-BK","2024/10/24","1","9000013829(1)","工場","59940(559)","小島工業株式会社様"
"SHC-GR","2024/10/24","1","9000013829(1)","工場","59940(559)","小島工業株式会社様"
"SPC-BL","2024/10/24","6","9000013829(1)","工場","59940(559)","小島工業株式会社様"
"SPC-GR","2024/10/24","9","9000013829(1)","工場","59940(559)","小島工業株式会社様"
"ZXC-RY","2024/10/24","1","9000013829(1)","工場","59940(559)","小島工業株式会社様"
"MXC-TQ","2024/10/24","1","9000013830(1)","工場","59940(559)","株式会社積水化成品沖縄様"
"ZPDC-PB","2024/10/24","1","9000013830(1)","工場","59940(559)","株式会社積水化成品沖縄様"
"CPC-BR","2024/10/24","2","9000013831(1)","工場","59940(559)","株式会社積水化成品東部 本社工場様"
"DPC-LG","2024/10/24","1","9000013831(1)","工場","59940(559)","株式会社積水化成品東部 本社工場様"
"HGC-PK","2024/10/24","2","9000013831(1)","工場","59940(559)","株式会社積水化成品東部 本社工場様"
"HGC-TQ","2024/10/24","1","9000013831(1)","工場","59940(559)","株式会社積水化成品東部 本社工場様"
"LGC-BK","2024/10/24","1","9000013831(1)","工場","59940(559)","株式会社積水化成品東部 本社工場様"
"LGC-BL","2024/10/24","1","9000013831(1)","工場","59940(559)","株式会社積水化成品東部 本社工場様"
"LGC-CM","2024/10/24","1","9000013831(1)","工場","59940(559)","株式会社積水化成品東部 本社工場様"
"LGC-PK","2024/10/24","1","9000013831(1)","工場","59940(559)","株式会社積水化成品東部 本社工場様"
"LGC-TQ","2024/10/24","2","9000013831(1)","工場","59940(559)","株式会社積水化成品東部 本社工場様"
"MNC-BG","2024/10/24","3","9000013831(1)","工場","59940(559)","株式会社積水化成品東部 本社工場様"
"MNC-BL","2024/10/24","2","9000013831(1)","工場","59940(559)","株式会社積水化成品東部 本社工場様"
"MNC-LG","2024/10/24","16","9000013831(1)","工場","59940(559)","株式会社積水化成品東部 本社工場様"
"MNC-OG","2024/10/24","8","9000013831(1)","工場","59940(559)","株式会社積水化成品東部 本社工場様"
"MXC-BL","2024/10/24","6","9000013831(1)","工場","59940(559)","株式会社積水化成品東部 本社工場様"
"MXC-CM","2024/10/24","1","9000013831(1)","工場","59940(559)","株式会社積水化成品東部 本社工場様"
"MXC-LG","2024/10/24","2","9000013831(1)","工場","59940(559)","株式会社積水化成品東部 本社工場様"
"PDC-BG","2024/10/24","2","9000013831(1)","工場","59940(559)","株式会社積水化成品東部 本社工場様"
"PDC-BP","2024/10/24","1","9000013831(1)","工場","59940(559)","株式会社積水化成品東部 本社工場様"
"PDC-TQ","2024/10/24","4","9000013831(1)","工場","59940(559)","株式会社積水化成品東部 本社工場様"
"PDC-YC","2024/10/24","1","9000013831(1)","工場","59940(559)","株式会社積水化成品東部 本社工場様"
"PMC-BK","2024/10/24","3","9000013831(1)","工場","59940(559)","株式会社積水化成品東部 本社工場様"
"PMC-CM","2024/10/24","1","9000013831(1)","工場","59940(559)","株式会社積水化成品東部 本社工場様"
"PMC-TQ","2024/10/24","1","9000013831(1)","工場","59940(559)","株式会社積水化成品東部 本社工場様"
"RLC-BL","2024/10/24","1","9000013831(1)","工場","59940(559)","株式会社積水化成品東部 本社工場様"
"RLC-DG","2024/10/24","2","9000013831(1)","工場","59940(559)","株式会社積水化成品東部 本社工場様"
"SHC-GR","2024/10/24","1","9000013831(1)","工場","59940(559)","株式会社積水化成品東部 本社工場様"
"SHC-LG","2024/10/24","2","9000013831(1)","工場","59940(559)","株式会社積水化成品東部 本社工場様"
"SPC-BL","2024/10/24","3","9000013831(1)","工場","59940(559)","株式会社積水化成品東部 本社工場様"
"SPC-GR","2024/10/24","7","9000013831(1)","工場","59940(559)","株式会社積水化成品東部 本社工場様"
"SPC-LG","2024/10/24","1","9000013831(1)","工場","59940(559)","株式会社積水化成品東部 本社工場様"
"SPC-RD","2024/10/24","1","9000013831(1)","工場","59940(559)","株式会社積水化成品東部 本社工場様"
"SPC-TQ","2024/10/24","2","9000013831(1)","工場","59940(559)","株式会社積水化成品東部 本社工場様"
"SPC-YL","2024/10/24","1","9000013831(1)","工場","59940(559)","株式会社積水化成品東部 本社工場様"
"ZNC-RY","2024/10/24","1","9000013831(1)","工場","59940(559)","株式会社積水化成品東部 本社工場様"
"ZPDC-PB","2024/10/24","2","9000013831(1)","工場","59940(559)","株式会社積水化成品東部 本社工場様"
"ZPMC-MR","2024/10/24","1","9000013831(1)","工場","59940(559)","株式会社積水化成品東部 本社工場様"
"ZPMC-SM","2024/10/24","1","9000013831(1)","工場","59940(559)","株式会社積水化成品東部 本社工場様"
"ZSC-SK","2024/10/24","1","9000013831(1)","工場","59940(559)","株式会社積水化成品東部 本社工場様"
"ZXC-RY","2024/10/24","1","9000013831(1)","工場","59940(559)","株式会社積水化成品東部 本社工場様"
"LGC-BG","2024/10/24","1","9000013832(1)","工場","59940(559)","NK化成株式会社 長砂工場様"
"LGC-CG","2024/10/24","1","9000013832(1)","工場","59940(559)","NK化成株式会社 長砂工場様"
"LGC-GR","2024/10/24","1","9000013832(1)","工場","59940(559)","NK化成株式会社 長砂工場様"
"MNC-CB","2024/10/24","1","9000013832(1)","工場","59940(559)","NK化成株式会社 長砂工場様"
"MNC-LG","2024/10/24","3","9000013832(1)","工場","59940(559)","NK化成株式会社 長砂工場様"
"MXC-CB","2024/10/24","3","9000013832(1)","工場","59940(559)","NK化成株式会社 長砂工場様"
"PDC-BG","2024/10/24","1","9000013832(1)","工場","59940(559)","NK化成株式会社 長砂工場様"
"PDC-BK","2024/10/24","1","9000013832(1)","工場","59940(559)","NK化成株式会社 長砂工場様"
"PMC-DG","2024/10/24","1","9000013832(1)","工場","59940(559)","NK化成株式会社 長砂工場様"
"SHC-BG","2024/10/24","1","9000013832(1)","工場","59940(559)","NK化成株式会社 長砂工場様"
"SPC-BP","2024/10/24","1","9000013832(1)","工場","59940(559)","NK化成株式会社 長砂工場様"
"SPC-LG","2024/10/24","2","9000013832(1)","工場","59940(559)","NK化成株式会社 長砂工場様"
"MXC-BL","2024/10/24","4","9000013833(1)","工場","59940(559)","赤城産業株式会社様"
"MXC-CB","2024/10/24","12","9000013833(1)","工場","59940(559)","赤城産業株式会社様"
"MXC-CM","2024/10/24","3","9000013833(1)","工場","59940(559)","赤城産業株式会社様"
"MNC-BL","2024/10/24","1","9000013834(1)","工場","59940(559)","株式会社積水化成品西部 豊前工場様"
"MNC-DG","2024/10/24","1","9000013834(1)","工場","59940(559)","株式会社積水化成品西部 豊前工場様"
"MNC-GR","2024/10/24","2","9000013834(1)","工場","59940(559)","株式会社積水化成品西部 豊前工場様"
"MNC-OG","2024/10/24","1","9000013834(1)","工場","59940(559)","株式会社積水化成品西部 豊前工場様"
"MNC-TQ","2024/10/24","3","9000013834(1)","工場","59940(559)","株式会社積水化成品西部 豊前工場様"
"MXC-BL","2024/10/24","2","9000013834(1)","工場","59940(559)","株式会社積水化成品西部 豊前工場様"
"MXC-RN","2024/10/24","3","9000013834(1)","工場","59940(559)","株式会社積水化成品西部 豊前工場様"
"MXC-YC","2024/10/24","2","9000013834(1)","工場","59940(559)","株式会社積水化成品西部 豊前工場様"
"SPC-OG","2024/10/24","1","9000013834(1)","工場","59940(559)","株式会社積水化成品西部 豊前工場様"
"MXC-BG","2024/10/24","2","9000013835(1)","工場","59940(559)","藤田株式会社様"
"MXC-BL","2024/10/24","6","9000013835(1)","工場","59940(559)","藤田株式会社様"
"MXC-CB","2024/10/24","3","9000013835(1)","工場","59940(559)","藤田株式会社様"
"MXC-DG","2024/10/24","5","9000013835(1)","工場","59940(559)","藤田株式会社様"
"MXC-GR","2024/10/24","2","9000013835(1)","工場","59940(559)","藤田株式会社様"
"MXC-RD","2024/10/24","2","9000013835(1)","工場","59940(559)","藤田株式会社様"
"PRE-MXC-BG","2024/10/24","1","9000013836(1)","工場","59940(559)","カネカフォームプラスチック真岡工場様"
"PRE-MXC-BP","2024/10/24","1","9000013836(1)","工場","59940(559)","カネカフォームプラスチック真岡工場様"
"PRE-MXC-FN","2024/10/24","5","9000013836(1)","工場","59940(559)","カネカフォームプラスチック真岡工場様"
"PRE-MXC-LG","2024/10/24","11","9000013836(1)","工場","59940(559)","カネカフォームプラスチック真岡工場様"
"PRE-MXC-RN","2024/10/24","2","9000013836(1)","工場","59940(559)","カネカフォームプラスチック真岡工場様"
"PRE-MXC-YL","2024/10/24","2","9000013836(1)","工場","59940(559)","カネカフォームプラスチック真岡工場様"
"PRE-PMC-BP","2024/10/24","2","9000013836(1)","工場","59940(559)","カネカフォームプラスチック真岡工場様"
"PRE-SHC-BG","2024/10/24","1","9000013836(1)","工場","59940(559)","カネカフォームプラスチック真岡工場様"
"PRE-SHC-TQ","2024/10/24","3","9000013836(1)","工場","59940(559)","カネカフォームプラスチック真岡工場様"
"LNC-MN","2024/10/24","11","9000013838(1)","工場","59940(559)","山直スチロール株式会社様"
"LNC-MX","2024/10/24","10","9000013838(1)","工場","59940(559)","山直スチロール株式会社様"
"LNC-PS","2024/10/24","5","9000013838(1)","工場","59940(559)","山直スチロール株式会社様"
"LNC-DP","2024/10/24","1","9000013839(1)","工場","59940(559)","株式会社大西コルク工業所様"
"LNC-LG","2024/10/24","7","9000013839(1)","工場","59940(559)","株式会社大西コルク工業所様"
"LNC-MX","2024/10/24","8","9000013839(1)","工場","59940(559)","株式会社大西コルク工業所様"
"LNC-RL","2024/10/24","4","9000013839(1)","工場","59940(559)","株式会社大西コルク工業所様"
"LNC-ST","2024/10/24","5","9000013839(1)","工場","59940(559)","株式会社大西コルク工業所様"
"LNC-PS","2024/10/24","5","9000013839(1)","工場","59940(559)","株式会社大西コルク工業所様"
"LNC-DSBB","2024/10/24","4","9000013840(1)","工場","59940(559)","株式会社積水化成品東部 佐倉事業所様"
"LNC-SP","2024/10/24","22","9000013840(1)","工場","59940(559)","株式会社積水化成品東部 佐倉事業所様"
"LNC-ST","2024/10/24","25","9000013840(1)","工場","59940(559)","株式会社積水化成品東部 佐倉事業所様"
"LNC-PS","2024/10/24","5","9000013840(1)","工場","59940(559)","株式会社積水化成品東部 佐倉事業所様"
"LNC-LG","2024/10/24","5","9000013841(1)","工場","59940(559)","株式会社積水化成品北海道様"
"LNC-SP","2024/10/24","19","9000013841(1)","工場","59940(559)","株式会社積水化成品北海道様"
"LNC-ST","2024/10/24","6","9000013841(1)","工場","59940(559)","株式会社積水化成品北海道様"
"LNC-PS","2024/10/24","5","9000013841(1)","工場","59940(559)","株式会社積水化成品北海道様"
"LNC-MN","2024/10/24","26","9000013842(1)","工場","59940(559)","大西化成株式会社 宮田工場様"
"LNC-RL","2024/10/24","12","9000013842(1)","工場","59940(559)","大西化成株式会社 宮田工場様"
"LNC-PS","2024/10/24","5","9000013842(1)","工場","59940(559)","大西化成株式会社 宮田工場様"
"LNC-DP","2024/10/24","7","9000013843(1)","工場","59940(559)","ダイリュウ大和高田株式会社様 (インナー)"
"LNC-MX","2024/10/24","13","9000013843(1)","工場","59940(559)","ダイリュウ大和高田株式会社様 (インナー)"
"LNC-PM","2024/10/24","27","9000013843(1)","工場","59940(559)","ダイリュウ大和高田株式会社様 (インナー)"
"LNC-RL","2024/10/24","20","9000013843(1)","工場","59940(559)","ダイリュウ大和高田株式会社様 (インナー)"
"LNC-ST","2024/10/24","18","9000013843(1)","工場","59940(559)","ダイリュウ大和高田株式会社様 (インナー)"
"LNC-PS","2024/10/24","5","9000013843(1)","工場","59940(559)","ダイリュウ大和高田株式会社様 (インナー)"
"LNC-MN","2024/10/24","15","9000013844(1)","工場","59940(559)","小島工業株式会社様"
"LNC-MX","2024/10/24","5","9000013844(1)","工場","59940(559)","小島工業株式会社様"
"LNC-PM","2024/10/24","19","9000013844(1)","工場","59940(559)","小島工業株式会社様"
"LNC-RL","2024/10/24","3","9000013844(1)","工場","59940(559)","小島工業株式会社様"
"LNC-SP","2024/10/24","10","9000013844(1)","工場","59940(559)","小島工業株式会社様"
"LNC-PS","2024/10/24","5","9000013844(1)","工場","59940(559)","小島工業株式会社様"
"LNC-CP","2024/10/24","3","9000013845(1)","工場","59940(559)","株式会社積水化成品沖縄様"
"LNC-DP","2024/10/24","2","9000013845(1)","工場","59940(559)","株式会社積水化成品沖縄様"
"LNC-PM","2024/10/24","4","9000013845(1)","工場","59940(559)","株式会社積水化成品沖縄様"
"LNC-SP","2024/10/24","8","9000013845(1)","工場","59940(559)","株式会社積水化成品沖縄様"
"LNC-PS","2024/10/24","5","9000013845(1)","工場","59940(559)","株式会社積水化成品沖縄様"
"LNC-LG","2024/10/24","16","9000013846(1)","工場","59940(559)","株式会社積水化成品東部 本社工場様"
"LNC-MX","2024/10/24","19","9000013846(1)","工場","59940(559)","株式会社積水化成品東部 本社工場様"
"LNC-OM","2024/10/24","5","9000013846(1)","工場","59940(559)","株式会社積水化成品東部 本社工場様"
"LNC-PM","2024/10/24","29","9000013846(1)","工場","59940(559)","株式会社積水化成品東部 本社工場様"
"LNC-RL","2024/10/24","7","9000013846(1)","工場","59940(559)","株式会社積水化成品東部 本社工場様"
"LNC-SP","2024/10/24","39","9000013846(1)","工場","59940(559)","株式会社積水化成品東部 本社工場様"
"LNC-PS","2024/10/24","5","9000013846(1)","工場","59940(559)","株式会社積水化成品東部 本社工場様"
"LNC-RL","2024/10/24","4","9000013847(1)","工場","59940(559)","NK化成株式会社 長砂工場様"
"LNC-ST","2024/10/24","5","9000013847(1)","工場","59940(559)","NK化成株式会社 長砂工場様"
"LNC-PS","2024/10/24","5","9000013847(1)","工場","59940(559)","NK化成株式会社 長砂工場様"
"LNC-MX","2024/10/24","5","9000013848(1)","工場","59940(559)","株式会社アステックコーポレーション様"
"LNC-SP","2024/10/24","6","9000013848(1)","工場","59940(559)","株式会社アステックコーポレーション様"
"LNC-ST","2024/10/24","3","9000013848(1)","工場","59940(559)","株式会社アステックコーポレーション様"
"LNC-PS","2024/10/24","5","9000013848(1)","工場","59940(559)","株式会社アステックコーポレーション様"
"LNC-LG","2024/10/24","5","9000013849(1)","工場","59940(559)","株式会社積水化成品西部 三原工場様"
"LNC-MX","2024/10/24","9","9000013849(1)","工場","59940(559)","株式会社積水化成品西部 三原工場様"
"LNC-PM","2024/10/24","5","9000013849(1)","工場","59940(559)","株式会社積水化成品西部 三原工場様"
"LNC-SP","2024/10/24","16","9000013849(1)","工場","59940(559)","株式会社積水化成品西部 三原工場様"
"LNC-PS","2024/10/24","5","9000013849(1)","工場","59940(559)","株式会社積水化成品西部 三原工場様"
"LNC-MX","2024/10/24","3","9000013850(1)","工場","59940(559)","株式会社積水化成品西部 豊前工場様"
"LNC-RL","2024/10/24","5","9000013850(1)","工場","59940(559)","株式会社積水化成品西部 豊前工場様"
"LNC-PS","2024/10/24","5","9000013850(1)","工場","59940(559)","株式会社積水化成品西部 豊前工場様"
"LNC-SP","2024/10/24","15","9000013851(1)","工場","59940(559)","大西化成株式会社 熊本工場様"
"LNC-PS","2024/10/24","5","9000013851(1)","工場","59940(559)","大西化成株式会社 熊本工場様"
"LNC-LG","2024/10/24","5","9000013852(1)","工場","59940(559)","株式会社メナック様"
"LNC-MX","2024/10/24","8","9000013852(1)","工場","59940(559)","株式会社メナック様"
"LNC-SP","2024/10/24","10","9000013852(1)","工場","59940(559)","株式会社メナック様"
"LNC-PS","2024/10/24","5","9000013852(1)","工場","59940(559)","株式会社メナック様"
"LNC-MX","2024/10/24","5","9000013853(1)","工場","59940(559)","スチロ化学工業株式会社様"
"LNC-PM","2024/10/24","5","9000013853(1)","工場","59940(559)","スチロ化学工業株式会社様"
"LNC-RL","2024/10/24","7","9000013853(1)","工場","59940(559)","スチロ化学工業株式会社様"
"LNC-PS","2024/10/24","5","9000013853(1)","工場","59940(559)","スチロ化学工業株式会社様"
"LNC-MN","2024/10/24","14","9000013854(1)","工場","59940(559)","カネカフォームプラスチック真岡工場様"
"LNC-OM","2024/10/24","10","9000013854(1)","工場","59940(559)","カネカフォームプラスチック真岡工場様"
"LNC-SP","2024/10/24","31","9000013854(1)","工場","59940(559)","カネカフォームプラスチック真岡工場様"
"LNC-PS","2024/10/24","10","9000013854(1)","工場","59940(559)","カネカフォームプラスチック真岡工場様"
